{
    "precomputed_offsets": {
        "Temp01": -0.1428030665607949,
        "Temp02": -0.33519160359189115,
        "Temp03": 0.04000008443548353,
        "Temp04": 0.7531253472670123,
        "Temp05": -0.7074657809141947,
        "Temp06": 0.39233501936436
    },
    "precomputed_params": {
        "Temp01": {
            "Slope": 0.9146890451740535,
            "Intercept": 2.4936977920661705
        },
        "Temp02": {
            "Slope": 0.9449294495259986,
            "Intercept": 1.377336624239212
        },
        "Temp03": {
            "Slope": 0.9278809303064043,
            "Intercept": 2.255627428348919
        },
        "Temp04": {
            "Slope": 1.1398233398426514,
            "Intercept": -3.442787213775257
        },
        "Temp05": {
            "Slope": 1.0283003667287702,
            "Intercept": -1.5980574312406468
        },
        "Temp06": {
            "Slope": 1.053782047439169,
            "Intercept": -1.240996774159009
        }
    },
    "coefficients": {
        "2": {
            "Temp01": [
                0.0006562438180392445,
                0.8739034406545373,
                3.11677420689147
            ],
            "Temp02": [
                -0.0027960262283465392,
                1.1200301795224974,
                -1.32155713635032
            ],
            "Temp03": [
                -0.0007267933058268978,
                0.972810292247784,
                1.5727003120884444
            ],
            "Temp04": [
                -0.03923290347323791,
                3.530019997116444,
                -39.43396380930115
            ],
            "Temp05": [
                0.01961803891721462,
                -0.20382259280994391,
                17.49935643701915
            ],
            "Temp06": [
                0.008473928728306912,
                0.5379785444224697,
                6.505021621553094
            ]
        },
        "4": {
            "Temp01": [
                -0.0011029968540268512,
                0.13694774013251426,
                -6.337477911469734,
                130.4543202066973,
                -984.2553156179799
            ],
            "Temp02": [
                -0.0008970111971581003,
                0.11190478920305202,
                -5.20876274872996,
                108.15288605587625,
                -821.865150140868
            ],
            "Temp03": [
                -0.0013120494665260396,
                0.161722721377479,
                -7.431522885094807,
                151.80677099316296,
                -1139.6370416610264
            ],
            "Temp04": [
                -0.0008074769637242557,
                0.10017584567181015,
                -4.679597232725381,
                98.64169469831396,
                -767.1936827212857
            ],
            "Temp05": [
                0.0028294101481930755,
                -0.3604987372136719,
                17.162963527960013,
                -360.75188187396844,
                2846.500923872454
            ],
            "Temp06": [
                0.0008300215870041419,
                -0.09833090526555097,
                4.354484951152377,
                -84.40187651346783,
                625.9651661207903
            ]
        },
        "8": {
            "Temp01": [
                -1.549462117532503e-07,
                2.9017215878962235e-05,
                -0.0020682417613000132,
                0.05812313705731339,
                0.5620506154358251,
                -85.48227680616988,
                2449.562185520254,
                -31686.741444236457,
                161196.22178354702
            ],
            "Temp02": [
                -1.6511931494843503e-07,
                3.1141018639291864e-05,
                -0.0022382279335440795,
                0.06380643219899453,
                0.5743498384026997,
                -92.67928412357259,
                2685.581706074738,
                -35035.506847891476,
                179641.17973182246
            ],
            "Temp03": [
                -2.3170898193174245e-07,
                4.30171543174468e-05,
                -0.0030401966481656685,
                0.08476007314205997,
                0.8088905282310767,
                -122.4229350994214,
                3481.2973469406047,
                -44689.58466213645,
                225640.4102091605
            ],
            "Temp04": [
                -5.339536250813969e-07,
                9.974099894056941e-05,
                -0.007159998271089923,
                0.21070127099643626,
                1.0659872102874932,
                -258.85876397319265,
                7646.849511964349,
                -99988.11874173251,
                511836.20486050413
            ],
            "Temp05": [
                -1.5645658892228438e-06,
                0.00028539150571210784,
                -0.019802630908607715,
                0.5401479537685878,
                5.304206857219409,
                -766.2648980475659,
                21384.03129312033,
                -269971.7121184305,
                1341818.7848715445
            ],
            "Temp06": [
                -1.3009736898510228e-06,
                0.0002307705248074134,
                -0.015588050769141833,
                0.4151741284206589,
                3.8493752133883294,
                -552.9726481429877,
                15071.976932356052,
                -185744.88012261453,
                901440.2285195618
            ]
        },
        "16": {
            "Temp01": [
                8.860749135787328e-19,
                -1.1242201004878172e-16,
                3.144693889425212e-15,
                9.76655725898603e-14,
                -2.346414017690486e-12,
                -1.5740018642428874e-10,
                -8.237374703080334e-10,
                1.749326738994665e-07,
                5.6477463556885224e-06,
                -8.13413743426053e-05,
                -0.009329470313113304,
                -0.08043506390381022,
                11.299941612049704,
                178.2691648068496,
                -17020.964127199866,
                309318.0921388042,
                -1848668.6956626135
            ],
            "Temp02": [
                5.855807073779678e-19,
                -7.570179037302493e-17,
                2.203927487363282e-15,
                6.451892270288397e-14,
                -1.7262902637298244e-12,
                -1.0726057292696289e-10,
                -3.7954126438664016e-10,
                1.245573029770402e-07,
                3.758023684484455e-06,
                -6.523382461026164e-05,
                -0.0064983652572353145,
                -0.0455583787151617,
                8.043008128043887,
                114.8236511208078,
                -12012.21374921888,
                223304.61800932704,
                -1356433.2058933463
            ],
            "Temp03": [
                1.095233558969956e-18,
                -1.384253105403328e-16,
                3.875745968451169e-15,
                1.1786865672519152e-13,
                -2.878947836927613e-12,
                -1.8820418635164596e-10,
                -9.041206325171494e-10,
                2.0790998827379246e-07,
                6.550585278354963e-06,
                -9.808185558597782e-05,
                -0.010754938292156293,
                -0.0875675181925605,
                12.87347271153744,
                196.1938935814779,
                -19005.389053616946,
                344401.2960918962,
                -2049076.1020966482
            ],